,compiler,optimization_flags,L,metric,error
0,clang,-O3,500,13.374046,
1,clang,-O3 -march=native,500,13.72717,
2,clang,-O2,500,13.794723,
3,gcc,-O3,500,14.275508,
4,icx,-O2,500,12.917827,
5,gcc,-O2,500,14.706939,
6,clang,-O1,500,14.241888,
7,icx,-O3,500,13.235644,
8,gcc,-O3 -march=native,500,14.864821,
9,icx,-O3 -march=native,500,13.398959,
10,gcc,-O1,500,14.819276,
11,icx,-O1,500,13.070778,
12,clang,-O0,500,26.559421,
13,gcc,-O0,500,26.9271,
14,icx,-O0,500,26.795268,
