,compiler,optimization_flags,L,metric,error
0,gcc,-O3,500,14.163511,
1,gcc,-O3,500,19.04094,
2,gcc,-O3,500,23.522066,
3,gcc,-O3,500,28.214135,
4,gcc,-O3,500,32.369161,
5,gcc,-O3,500,36.916059,
6,gcc,-O3,500,41.642947,
7,gcc,-O3,500,45.707738,
8,gcc,-O3,500,50.077997,
9,gcc,-O3,500,54.528765,
10,gcc,-O3,500,59.285481,
