,compiler,optimization_flags,L,metric,error
0,gcc,-O3,2048,225.254242,  
1,gcc,-O3,3072,539.258569,  
2,gcc,-O3,4096,890.376376,  
3,gcc,-O3,6144,2159.648647,  
4,gcc,-O3,8192,3575.796712,  
