,compiler,optimization_flags,L,metric,error
0,gcc,-O3,124,0.605997,
1,gcc,-O3,254,2.547931,
2,gcc,-O3,510,10.191791,
3,gcc,-O3,1022,40.460393,
4,gcc,-O3,2046,164.108322,
5,gcc,-O3,4094,654.197554,
6,gcc,-O3,8190,2541.384179,
